Model,Accuracy,Precision,Recall,F1
Decision Tree,0.6896551724137931,1.0,0.6666666666666666,0.8
Random Forest,0.896551724137931,0.9285714285714286,0.9629629629629629,0.9454545454545454
